{
  "mae": 1.5755829521643754,
  "rmse": 4.360317721277006,
  "r2": 0.006308181717731842
}