{
  "mae": 6.2651397735018906,
  "rmse": 7.236246232314012,
  "r2": -0.0027845260913925696
}